customer_id,name,email,phone,city,join_date
CUST-10000,Lakshmi Sanghvi,vsarma@example.net,+919391726772,Ajman,2025-06-27
CUST-10001,Madhavi Om,nmohanty@example.com,+911119302853,Sharjah,2025-05-22
CUST-10002,Vansha Agrawal,dashnitesh@example.com,+914559436459,Dubai,2025-03-09
CUST-10003,Nikita Chandra,oeshisami@example.org,+913381370191,Sharjah,2025-10-06
CUST-10004,Vrishti Dash,sbarad@example.org,8110753058,Dubai,2025-05-04
CUST-10005,Yashawini Gupta,ishajani@example.net,+919422402037,Ajman,2024-08-09
CUST-10006,Yahvi Narain,murtyvritti@example.com,04379073428,Abu Dhabi,2025-10-30
CUST-10007,Charita Venkataraman,hardik01@example.com,4045058876,Dubai,2026-03-19
CUST-10008,Warda Kalla,hissac@example.net,7026518840,Ajman,2025-07-20
CUST-10009,Chandresh Babu,rajeshrikulkarni@example.net,9001246406,Dubai,2025-10-18
CUST-10010,Chameli Nanda,hkeer@example.com,+915730282521,Sharjah,2024-07-05
CUST-10011,Amrita Raja,quincy40@example.org,06306261048,Dubai,2024-11-23
CUST-10012,Gaurangi Bandi,chakradharroy@example.com,02533029693,Ajman,2026-06-15
CUST-10013,Turvi Prashad,omya91@example.com,09602279548,Sharjah,2025-09-27
CUST-10014,Farhan Anand,hpandit@example.com,5357731119,Abu Dhabi,2025-04-29
CUST-10015,Jeremiah Dixit,oni74@example.org,07450391950,Dubai,2026-02-20
CUST-10016,Jhalak Choudhry,ysawhney@example.com,01402579588,Ajman,2025-01-20
CUST-10017,Anita Anand,travi@example.com,04133644327,Ajman,2025-10-01
CUST-10018,Qabil Rajagopal,wiyengar@example.com,7337572402,Sharjah,2026-02-17
CUST-10019,Rajeshri Bala,faraj06@example.org,9965681475,Sharjah,2025-04-21
CUST-10020,Udarsh Agarwal,aptedivya@example.com,02741879599,Sharjah,2025-02-09
CUST-10021,Agastya Acharya,gulatizarna@example.org,3314106197,Ajman,2026-05-07
CUST-10022,Chanchal Shankar,aahana11@example.net,6119997094,Ajman,2024-07-01
CUST-10023,Harini Madan,balayqarin@example.com,5998147877,Sharjah,2025-12-20
CUST-10024,Jatin Gole,guneet67@example.net,+916046642292,Ajman,2024-11-29
CUST-10025,Sachi Bhakta,zinalloke@example.net,4665209168,Abu Dhabi,2025-08-02
CUST-10026,Reyansh Khare,wgoel@example.com,04740080269,Ajman,2025-08-06
CUST-10027,Tanveer Vora,nlata@example.org,+915225239883,Abu Dhabi,2025-12-16
CUST-10028,Ekansh Venkatesh,tiwarinandini@example.com,3510246512,Abu Dhabi,2025-10-04
CUST-10029,Nikita Bhavsar,lmane@example.net,+919468344659,Sharjah,2025-12-05
CUST-10030,Janani Yadav,yoshita87@example.org,8983376471,Abu Dhabi,2024-09-11
CUST-10031,Aishani Chhabra,vrittimohan@example.com,+916495255025,Abu Dhabi,2024-09-04
CUST-10032,Raagini Goda,yashasvi04@example.net,3890123768,Ajman,2026-05-14
CUST-10033,Warda Prabhakar,sgrewal@example.net,08111978323,Ajman,2025-02-27
CUST-10034,Manya Kade,ganga46@example.net,01873488689,Ajman,2025-07-27
CUST-10035,Bhavna Jain,leena59@example.com,+911836217460,Sharjah,2025-12-13
CUST-10036,Shivansh Saraf,jagvi30@example.org,+914457051673,Sharjah,2024-11-29
CUST-10037,David Sule,jananimani@example.net,06755939314,Dubai,2026-05-22
CUST-10038,Sathvik Amble,kevindhingra@example.net,+910438593051,Sharjah,2025-02-23
CUST-10039,Urishilla Basak,wriddhish90@example.net,02574070129,Abu Dhabi,2024-09-18
CUST-10040,Madhavi Bawa,kvig@example.net,02147086858,Dubai,2024-10-29
CUST-10041,Frederick Lata,ekiya38@example.org,0516390596,Sharjah,2024-06-28
CUST-10042,Januja Reddy,lavanyabuch@example.net,+910495827957,Ajman,2024-09-26
CUST-10043,Tanmayi Raju,unni16@example.com,6361753880,Sharjah,2025-02-20
CUST-10044,Januja Ranganathan,maanavjhaveri@example.net,+915526126171,Dubai,2025-04-23
CUST-10045,Keya Swamy,apurohit@example.org,8978594298,Abu Dhabi,2024-07-18
CUST-10046,Sanya Goda,palantimothy@example.org,6984500466,Dubai,2025-11-28
CUST-10047,Yamini Mishra,banjeet52@example.net,5269310790,Dubai,2025-09-22
CUST-10048,Azaan Sachdeva,warindermand@example.com,+915973707505,Dubai,2025-08-11
CUST-10049,Mugdha Saha,tanvi24@example.net,+918678153544,Ajman,2025-11-15
CUST-10050,Qabil Halder,harinakshigrewal@example.org,2221393537,Ajman,2025-09-19
CUST-10051,Ojas Bawa,goyalsaksham@example.net,+919847728121,Sharjah,2025-09-02
CUST-10052,Vedhika Bhardwaj,opatil@example.com,7227031087,Dubai,2026-04-09
CUST-10053,Ayaan Gola,vedikakhanna@example.net,8513338956,Ajman,2025-09-24
CUST-10054,Yadavi Varghese,lakshmi14@example.com,0323149719,Sharjah,2025-08-27
CUST-10055,Pahal Sama,hamsini48@example.net,2348241398,Dubai,2025-03-12
CUST-10056,Bimala Brar,gavin91@example.com,3301602001,Sharjah,2026-02-22
CUST-10057,Aashi Subramanian,bhavsarcharan@example.com,+912941181288,Dubai,2026-02-07
CUST-10058,Urvi Jayaraman,kalpit83@example.net,+914090446179,Dubai,2026-05-02
CUST-10059,Omya Sood,frado08@example.org,08722532345,Abu Dhabi,2025-01-22
CUST-10060,Upasna Sura,sanaya20@example.com,02158422200,Ajman,2025-08-21
CUST-10061,Samaksh Kuruvilla,nikitachatterjee@example.org,00867452511,Ajman,2025-11-28
CUST-10062,Ranbir Bhatnagar,indali43@example.net,1986989295,Ajman,2024-10-24
CUST-10063,Arjun Shere,vanya75@example.com,+915300751181,Sharjah,2024-12-04
CUST-10064,Tejas Mody,obarad@example.com,+919043228695,Ajman,2024-07-13
CUST-10065,Gavin Chander,lajitasrinivas@example.org,03014478573,Ajman,2024-09-15
CUST-10066,Ranbir Walla,ladsathvik@example.org,01558641100,Abu Dhabi,2025-06-30
CUST-10067,Hredhaan Amble,prakashrachana@example.net,00028060420,Abu Dhabi,2025-05-04
CUST-10068,Upkaar Bath,venkateshzaitra@example.com,+915832310420,Dubai,2025-10-13
CUST-10069,Banjeet Nagy,anirudh39@example.com,08861955196,Abu Dhabi,2025-01-17
CUST-10070,George Tella,bhatnagarparth@example.org,+914019572633,Ajman,2025-05-19
CUST-10071,Qasim Boase,onigoyal@example.net,04463789754,Abu Dhabi,2026-04-14
CUST-10072,Chandran Trivedi,hseth@example.org,+910179861667,Abu Dhabi,2024-10-17
CUST-10073,Vedika Mittal,xalaknayar@example.com,+914644937845,Sharjah,2025-05-11
CUST-10074,Naveen Grover,ivenkataraman@example.org,06648548891,Abu Dhabi,2024-07-02
CUST-10075,Pooja Kumar,kashvi40@example.net,03167213217,Ajman,2025-06-17
CUST-10076,Chavvi Chana,pkara@example.net,+914687451453,Ajman,2025-05-26
CUST-10077,Lavanya Mukhopadhyay,godadevika@example.net,+912010459193,Sharjah,2026-05-24
CUST-10078,Geetika Sane,dhritighosh@example.org,+911910482130,Abu Dhabi,2026-02-18
CUST-10079,Ati Parsa,nnarula@example.org,01788461736,Abu Dhabi,2024-09-19
CUST-10080,Quincy Chander,mbrahmbhatt@example.net,09416727643,Abu Dhabi,2025-09-01
CUST-10081,Harita Bava,cmutti@example.org,5508204501,Sharjah,2025-03-01
CUST-10082,Zehaan Grover,gaurikabassi@example.net,1805266847,Ajman,2025-03-08
CUST-10083,Nakul Patla,saranbhavya@example.com,04448884562,Dubai,2024-10-05
CUST-10084,Ekansh Sahota,pallavi95@example.com,+916583893840,Dubai,2024-11-30
CUST-10085,Gopal Sachdev,dugalchatura@example.org,2174542119,Ajman,2024-08-11
CUST-10086,Jai Tak,isha89@example.net,04770643764,Dubai,2025-07-01
CUST-10087,Harshil Raja,srivastavaomaja@example.net,+919708528746,Ajman,2025-03-08
CUST-10088,Maanav Lad,ekanta76@example.org,+911336171612,Abu Dhabi,2025-09-03
CUST-10089,Anmol Randhawa,yadavidevi@example.org,07569437614,Sharjah,2025-04-18
CUST-10090,Isaiah Deo,ladharita@example.org,2171158903,Dubai,2024-07-23
CUST-10091,Victor Pillay,watika01@example.com,+912565844829,Ajman,2025-11-28
CUST-10092,Hema Dube,jainanthony@example.net,02846159408,Sharjah,2025-05-02
CUST-10093,Aadhya Sachdeva,bbahri@example.net,08764897380,Abu Dhabi,2026-03-30
CUST-10094,Dipta Oommen,rushilnarain@example.net,7262470819,Abu Dhabi,2025-06-05
CUST-10095,Unni Raghavan,mallickedhitha@example.net,+919000143735,Abu Dhabi,2025-07-21
CUST-10096,Damini Tripathi,dmandal@example.net,03516021612,Abu Dhabi,2026-05-17
CUST-10097,Shaurya Sarkar,karnikvarsha@example.org,4958207714,Sharjah,2026-04-01
CUST-10098,Andrew Tata,chowdhurybishakha@example.com,+912015848356,Abu Dhabi,2024-08-12
CUST-10099,Ishwar Kota,ddevi@example.org,4249616603,Sharjah,2026-02-20
CUST-10100,Pahal Mutti,kiaan99@example.com,08841991737,Abu Dhabi,2024-09-10
CUST-10101,Manya Kibe,vanshachoudhury@example.com,2664920432,Sharjah,2024-12-25
CUST-10102,Amrita Naik,manan24@example.net,+915437219643,Dubai,2025-06-12
CUST-10103,Samuel Kanda,deshpandepooja@example.net,+917033790157,Sharjah,2025-02-24
CUST-10104,Vasana Goda,hitesh12@example.com,+913558311736,Ajman,2025-08-07
CUST-10105,Forum Basu,zehaan98@example.org,4763426508,Sharjah,2024-11-11
CUST-10106,Gavin Dua,diyaratti@example.org,01605151381,Sharjah,2024-09-13
CUST-10107,Jagrati Chakraborty,bimalaparsa@example.com,03671205982,Dubai,2025-08-20
CUST-10108,Rajeshri Devan,lokeonkar@example.net,1721007747,Sharjah,2025-02-17
CUST-10109,Sachi Sibal,duttpeter@example.com,06229004651,Dubai,2026-03-06
CUST-10110,Agastya Dhingra,lekhatripathi@example.net,9020967391,Dubai,2026-06-01
CUST-10111,Ishaan Yohannan,tdeo@example.net,+911699532790,Dubai,2026-01-04
CUST-10112,Xalak Mody,anay28@example.com,03174255777,Ajman,2025-11-07
CUST-10113,Chaman Bhat,fitan44@example.net,06100030449,Ajman,2024-09-18
CUST-10114,Harita Tara,mayabarad@example.net,+917728000874,Sharjah,2025-02-18
CUST-10115,Harita Comar,vrishti86@example.org,00218482046,Sharjah,2026-02-04
CUST-10116,Raksha Mann,william90@example.com,04148966427,Ajman,2026-01-28
CUST-10117,Fariq Bajwa,kminhas@example.net,2415817781,Abu Dhabi,2024-10-23
CUST-10118,Nicholas Buch,bandialexander@example.org,+917980815330,Abu Dhabi,2024-08-03
CUST-10119,Vansha Kapoor,shroffbhavna@example.net,04023353396,Dubai,2025-01-12
CUST-10120,Lekha Wali,sameshsheth@example.com,07202478792,Dubai,2025-12-04
CUST-10121,Bhavani Chopra,omishakala@example.org,08427688180,Sharjah,2025-09-04
CUST-10122,Reyansh Deo,ataneja@example.net,+918009053084,Ajman,2025-10-05
CUST-10123,Imaran Lalla,vivaan27@example.com,04926723175,Dubai,2024-08-04
CUST-10124,Ishani Brar,divyavarty@example.net,+912118447402,Abu Dhabi,2026-05-23
CUST-10125,Idika Hans,xiti34@example.net,+918033562478,Dubai,2025-04-06
CUST-10126,Chandresh Lal,kavya82@example.com,07266185163,Abu Dhabi,2026-04-29
CUST-10127,Lekha Chowdhury,dalalbanjeet@example.net,04452238011,Ajman,2024-12-03
CUST-10128,Vedhika Parikh,aadinagi@example.org,07175499127,Sharjah,2024-06-26
CUST-10129,Dalaja Baral,aradhana84@example.net,2277574725,Sharjah,2025-07-08
CUST-10130,Omkaar Deshpande,ronithtandon@example.org,+915750324203,Sharjah,2024-09-20
CUST-10131,Omya Varkey,khalsaonkar@example.net,1313282667,Ajman,2025-11-11
CUST-10132,Aayush Bansal,yoginoah@example.com,+915554069831,Dubai,2025-09-03
CUST-10133,Rachana Khosla,kapurpooja@example.com,6902349134,Abu Dhabi,2024-09-18
CUST-10134,Kai Shere,rachitachoudhry@example.com,+914870108926,Abu Dhabi,2025-04-20
CUST-10135,Unnati Parsa,juppal@example.net,+917408276550,Ajman,2025-10-31
CUST-10136,Theodore Dora,bhavsarekalinga@example.com,+918061969959,Abu Dhabi,2026-02-12
CUST-10137,Henry Chaudhuri,qmittal@example.net,00738024959,Abu Dhabi,2026-03-31
CUST-10138,Kashish Madan,orinder08@example.org,+919614992234,Sharjah,2025-07-19
CUST-10139,Prisha Narayanan,bhavikaagate@example.com,+911847671226,Sharjah,2025-03-24
CUST-10140,Waida Bala,xsengupta@example.com,9871279072,Dubai,2025-07-10
CUST-10141,Kavya Barad,fitanbaral@example.org,4984184673,Dubai,2026-03-24
CUST-10142,Guneet Srinivasan,cagrawal@example.com,4652707014,Dubai,2024-08-05
CUST-10143,Ekapad Ramakrishnan,ranveer34@example.com,3890526322,Abu Dhabi,2026-05-10
CUST-10144,Vanya Chaudhuri,knaik@example.com,+919978742068,Ajman,2025-12-09
CUST-10145,Jason Patla,chandranrehaan@example.org,0216030871,Sharjah,2026-05-13
CUST-10146,Vrinda Vohra,lkale@example.com,02641660528,Sharjah,2025-11-09
CUST-10147,Yatin Shan,bandikrish@example.com,03358352077,Sharjah,2024-10-05
CUST-10148,Vinaya Dyal,gayathribalakrishnan@example.org,7062663018,Dubai,2024-08-01
CUST-10149,Lakshmi Boase,gunbir07@example.net,05748321861,Sharjah,2026-05-20
CUST-10150,Yashasvi Gulati,rdar@example.com,+910519730827,Ajman,2026-02-06
CUST-10151,Faris Sarkar,wkuruvilla@example.net,05106928915,Abu Dhabi,2025-04-26
CUST-10152,Yashasvi Doctor,sabharwalfarhan@example.org,00732232050,Abu Dhabi,2025-08-07
CUST-10153,Daksh Ahluwalia,pranav97@example.com,00364135540,Ajman,2025-06-10
CUST-10154,Harish Kale,parth10@example.net,06271254355,Abu Dhabi,2025-09-17
CUST-10155,Yashawini Buch,palkamala@example.com,08685297402,Ajman,2024-12-16
CUST-10156,Yachana Padmanabhan,qabil16@example.com,+916083462772,Abu Dhabi,2024-12-14
CUST-10157,Udarsh Sandal,bhavani83@example.net,01282014624,Sharjah,2026-03-18
CUST-10158,Ikshita Kara,pnarayan@example.net,06450660239,Ajman,2024-11-10
CUST-10159,Ishanvi Sehgal,baraljoshua@example.com,+911345266832,Ajman,2024-12-02
CUST-10160,Darsh Batra,yachana61@example.net,0109725730,Ajman,2026-01-05
CUST-10161,Vincent Bhattacharyya,anya89@example.com,01413118048,Sharjah,2026-03-02
CUST-10162,Akshay Balakrishnan,unni37@example.net,+911453331676,Abu Dhabi,2025-04-14
CUST-10163,Qabil Sarma,pbora@example.com,09724395763,Dubai,2025-06-28
CUST-10164,Balendra Raju,qkapoor@example.org,2961838408,Ajman,2024-08-31
CUST-10165,Meghana Pau,savantaarav@example.com,9261577861,Sharjah,2026-06-12
CUST-10166,Ekantika Bava,xthaman@example.net,02993530754,Dubai,2025-06-24
CUST-10167,Abdul Swamy,oscar91@example.org,4751712408,Sharjah,2025-07-24
CUST-10168,Yagnesh Swamy,saumyanaik@example.net,2672500794,Ajman,2025-01-07
CUST-10169,Omkaar Kashyap,meghana83@example.org,+914036968869,Ajman,2024-07-23
CUST-10170,Tristan Pingle,jagatpant@example.com,9386540312,Sharjah,2024-12-16
CUST-10171,Oliver Vyas,patlawarda@example.net,05550993698,Sharjah,2025-03-03
CUST-10172,Arjun Toor,xchakraborty@example.org,+913586018098,Ajman,2025-10-13
CUST-10173,Aradhana Dalal,jgaba@example.org,3479377120,Abu Dhabi,2024-07-11
CUST-10174,Tara Balan,obatta@example.com,3543722044,Sharjah,2024-07-04
CUST-10175,Naksh Peri,ravelforum@example.net,7071376055,Dubai,2026-06-09
CUST-10176,Vedika Sodhi,yashawini30@example.com,0018189650,Sharjah,2025-01-30
CUST-10177,Kashvi Ramaswamy,snehaparmar@example.com,01051831053,Abu Dhabi,2026-01-25
CUST-10178,Bhavya Gokhale,hredhaansankaran@example.net,03181519249,Ajman,2025-11-09
CUST-10179,Simon Murthy,omya86@example.org,8667619189,Abu Dhabi,2026-03-28
CUST-10180,Ishani Sachdev,anika46@example.org,+916566316609,Sharjah,2025-09-13
CUST-10181,Dhriti Sundaram,inayabath@example.org,+915852794384,Ajman,2026-05-17
CUST-10182,Krishna Pingle,dayamai52@example.org,2366439047,Sharjah,2024-09-06
CUST-10183,Hardik Subramanian,joshuadate@example.com,00313622047,Ajman,2026-05-06
CUST-10184,Ishani Din,ekanimurty@example.com,0015992598,Ajman,2026-04-05
CUST-10185,Yasti Vasa,dev86@example.org,5313577630,Sharjah,2024-11-21
CUST-10186,Abeer Raja,vinayajha@example.net,04658412782,Abu Dhabi,2024-12-04
CUST-10187,Bhavya Munshi,champak01@example.org,0497830369,Sharjah,2026-05-25
CUST-10188,Falan Nath,adyanarayan@example.com,+917309226701,Ajman,2026-01-03
CUST-10189,Amaira Ramakrishnan,qrout@example.net,+912674108841,Sharjah,2025-06-11
CUST-10190,Girik Shan,zloke@example.org,+918800690870,Sharjah,2025-12-07
CUST-10191,Benjamin Bhavsar,randhawapratyush@example.org,+916009960096,Ajman,2024-10-24
CUST-10192,Finn Ganguly,eborra@example.net,00636653134,Abu Dhabi,2024-12-03
CUST-10193,Yug Dasgupta,nadkarninaveen@example.com,02365333514,Abu Dhabi,2025-05-09
CUST-10194,Faqid Swamy,hghosh@example.net,+917999277638,Abu Dhabi,2025-05-02
CUST-10195,Wishi Som,fpant@example.net,1188633509,Sharjah,2026-01-02
CUST-10196,Gauri Bobal,uben@example.net,+916586630455,Abu Dhabi,2025-07-05
CUST-10197,Damini Rastogi,pkhurana@example.com,00491115031,Sharjah,2025-11-24
CUST-10198,Meera Chopra,kondaabhiram@example.com,04568035051,Ajman,2024-07-10
CUST-10199,Arin Warrior,irya91@example.org,8186727019,Dubai,2026-06-03
CUST-10200,Saanvi Biswas,zagrawal@example.net,01557508898,Dubai,2024-10-06
CUST-10201,Rachana Sekhon,kallalucky@example.com,4346056159,Ajman,2026-06-23
CUST-10202,Eesha Zachariah,krishnabansal@example.org,8878186661,Ajman,2026-02-13
CUST-10203,Vihaan Kota,aayush20@example.com,+914483889327,Abu Dhabi,2026-04-02
CUST-10204,Riya Shenoy,zsachdev@example.com,03347488274,Abu Dhabi,2025-09-18
CUST-10205,Xalak Pau,ojasvirau@example.org,05781278821,Ajman,2026-02-05
CUST-10206,Ucchal Garde,hdewan@example.com,0028933268,Dubai,2025-09-02
CUST-10207,Gauri Toor,yashodharananda@example.org,06873143998,Ajman,2024-09-17
CUST-10208,Veer Wason,kmanne@example.org,09755719172,Abu Dhabi,2024-09-08
CUST-10209,Tanmayi Datta,christopher61@example.org,9787726926,Ajman,2024-08-29
CUST-10210,Pallavi Dua,manitanmayi@example.com,0815093258,Sharjah,2024-08-30
CUST-10211,Oscar Behl,balendra16@example.org,5117510753,Abu Dhabi,2026-04-12
CUST-10212,Nicholas Karan,tristan45@example.com,8420941129,Ajman,2026-03-28
CUST-10213,Ekaraj Bahl,ivasa@example.net,+918327798312,Sharjah,2025-12-08
CUST-10214,Omya Rajan,bhanumatikhosla@example.org,+914819556031,Dubai,2024-09-01
CUST-10215,Leena Kannan,indira05@example.net,7331186523,Dubai,2026-06-15
CUST-10216,Baghyawati Kala,sathvikdevan@example.net,0163891072,Ajman,2026-03-26
CUST-10217,Sudiksha Garde,nirja15@example.org,+916901107934,Abu Dhabi,2024-11-01
CUST-10218,Aahana Cheema,nilimamemon@example.net,9458649096,Sharjah,2025-11-23
CUST-10219,Sanya Golla,ijayawagle@example.org,00702166769,Ajman,2024-12-28
CUST-10220,Zayan Chaudhry,prasadjatin@example.com,+911514848233,Sharjah,2025-03-23
CUST-10221,Dakshesh Chad,oliver41@example.org,3961378075,Abu Dhabi,2024-07-07
CUST-10222,Peter Bhatnagar,pallrudra@example.net,01419442635,Abu Dhabi,2024-08-28
CUST-10223,Vedhika Gopal,ysani@example.net,06696342670,Ajman,2026-04-10
CUST-10224,Nidhi Rege,mitterreva@example.com,01957427606,Abu Dhabi,2024-09-07
CUST-10225,Jyoti Dube,xaggarwal@example.net,+917314048689,Abu Dhabi,2025-09-30
CUST-10226,Arjun Bains,janakighose@example.com,+914221617995,Sharjah,2024-11-02
CUST-10227,Irya Sinha,nmuni@example.com,9237941820,Dubai,2025-02-20
CUST-10228,Dev Saraf,thakkarkrish@example.net,07875808604,Dubai,2025-08-14
CUST-10229,Yash Raja,rjhaveri@example.net,09051168486,Dubai,2024-10-07
CUST-10230,Damini De,lkanda@example.org,01229949478,Ajman,2025-09-27
CUST-10231,Laban Oza,rkrishnamurthy@example.com,+913645535325,Sharjah,2025-10-05
CUST-10232,Ishwar Dass,sahluwalia@example.org,00076174974,Ajman,2024-10-07
CUST-10233,Tristan Iyer,wriddhish03@example.org,4415884310,Ajman,2025-11-21
CUST-10234,Kai Murty,william30@example.com,4353771151,Sharjah,2024-09-29
CUST-10235,Sanaya Mangal,fperi@example.net,00281740680,Dubai,2025-10-24
CUST-10236,Upkaar Raval,senguptamugdha@example.net,07797574457,Dubai,2025-05-16
CUST-10237,Leena Sengupta,qbajwa@example.org,04390091888,Sharjah,2024-08-14
CUST-10238,Ishaan Aurora,mukhopadhyayayaan@example.com,04108156287,Abu Dhabi,2025-04-29
CUST-10239,Amruta Behl,sachidara@example.com,+912804272305,Ajman,2026-05-14
CUST-10240,Rajeshri Bhatt,pranit30@example.org,06794635266,Sharjah,2026-06-22
CUST-10241,Tripti Krish,nadkarnidayita@example.com,+917255060885,Abu Dhabi,2025-01-04
CUST-10242,Neel Parikh,sharmamatthew@example.net,02603886312,Ajman,2026-06-06
CUST-10243,Ekapad Chowdhury,qushimammen@example.org,00464966933,Abu Dhabi,2026-01-18
CUST-10244,Saanvi Thaman,bhatanirudh@example.org,01985281497,Dubai,2025-11-27
CUST-10245,Umang Rajagopal,fchhabra@example.org,+912135882985,Abu Dhabi,2026-01-17
CUST-10246,Ronith Nair,jparmer@example.net,+910740264571,Ajman,2024-08-29
CUST-10247,Orinder Agate,sanghvifariq@example.net,00987418042,Sharjah,2025-05-05
CUST-10248,Ikbal Desai,xkari@example.net,2743953080,Sharjah,2024-11-30
CUST-10249,Sanya Bains,yatansoni@example.com,7405126203,Dubai,2025-01-14
CUST-10250,Yahvi More,devansh86@example.net,05578420899,Dubai,2026-06-21
CUST-10251,Saumya Ben,gkumer@example.net,+910831862152,Sharjah,2026-01-05
CUST-10252,Rajata Sarkar,yutika12@example.net,4371440056,Sharjah,2025-02-02
CUST-10253,Amruta Bajaj,lucky58@example.org,+911350117957,Ajman,2024-09-03
CUST-10254,Ijaya Sachdeva,indrajit45@example.org,1346584933,Ajman,2024-09-03
CUST-10255,Eta Wadhwa,omohanty@example.org,04580842100,Ajman,2025-11-07
CUST-10256,Ethan Bir,omannan@example.net,8409705050,Dubai,2025-08-29
CUST-10257,Ekavir Thaker,xalak82@example.org,8440221101,Sharjah,2026-01-04
CUST-10258,Yashasvi Morar,xavier16@example.com,+916741877946,Dubai,2026-02-23
CUST-10259,Max Shankar,tara79@example.net,+913659330823,Dubai,2024-12-04
CUST-10260,Onkar Raghavan,elijahsawhney@example.com,7092643555,Ajman,2025-08-30
CUST-10261,Yoshita Kakar,keershivani@example.org,06086684611,Ajman,2025-07-08
CUST-10262,Jasmit Bahri,hariridhi@example.net,9665063695,Sharjah,2025-01-22
CUST-10263,Bina Bhatnagar,raihritik@example.net,7083732543,Abu Dhabi,2026-04-24
CUST-10264,Abhiram Baral,teerth93@example.org,+912541572660,Ajman,2025-10-01
CUST-10265,Samarth Goyal,anitabhavsar@example.com,02935788596,Abu Dhabi,2026-04-24
CUST-10266,Balveer Choudhry,abeervig@example.net,06053752215,Dubai,2024-08-12
CUST-10267,Banjeet Brahmbhatt,gautam70@example.com,+911123254520,Abu Dhabi,2025-09-07
CUST-10268,Ishwar Sarma,aarush74@example.net,+912456472617,Sharjah,2026-06-15
CUST-10269,Krishna Wadhwa,ramaswamytara@example.com,9399513528,Sharjah,2026-03-10
CUST-10270,Fitan Roy,dbumb@example.com,9215895602,Ajman,2024-09-18
CUST-10271,Zayyan Ben,gautamvarty@example.org,+917371547534,Sharjah,2025-07-01
CUST-10272,Patrick Badal,akshayuppal@example.org,05974871325,Abu Dhabi,2026-01-07
CUST-10273,Radha Ray,boralajita@example.org,06333326293,Abu Dhabi,2024-08-14
CUST-10274,Neha Jayaraman,warhi95@example.org,0897383558,Abu Dhabi,2026-02-18
CUST-10275,Jagrati Tata,ibala@example.net,+913191667333,Sharjah,2024-11-27
CUST-10276,Nathaniel Kamdar,sanayayadav@example.org,+913340609869,Abu Dhabi,2024-10-16
CUST-10277,Hiral Buch,krishna75@example.com,6286227587,Sharjah,2025-05-01
CUST-10278,Bimala Comar,tristan68@example.org,2269254813,Dubai,2026-05-31
CUST-10279,Aditya Buch,seshadrirachita@example.net,+912727599617,Ajman,2025-08-28
CUST-10280,Pahal Pathak,matthew52@example.net,07479350982,Abu Dhabi,2024-11-12
CUST-10281,Tara Chokshi,tpandey@example.net,02247276278,Ajman,2025-05-02
CUST-10282,Madhavi Amble,bishakha51@example.org,7173836642,Abu Dhabi,2024-06-29
CUST-10283,Bhanumati Chauhan,mkashyap@example.org,05676408084,Ajman,2024-09-17
CUST-10284,Meghana Joshi,devansh13@example.org,02903138981,Sharjah,2025-04-30
CUST-10285,Ronith Bhalla,phegde@example.net,+913290367399,Sharjah,2025-07-15
CUST-10286,Jagrati Buch,maxgarg@example.net,08657152918,Dubai,2024-09-29
CUST-10287,Sneha Iyer,vpingle@example.com,+912127675414,Ajman,2024-12-21
CUST-10288,Azaan Lad,aadhyaahluwalia@example.org,4613737094,Sharjah,2025-01-31
CUST-10289,Adweta Dewan,bbaria@example.org,03030652015,Sharjah,2024-10-24
CUST-10290,Ganga Ram,andradivya@example.net,00466664900,Ajman,2025-12-03
CUST-10291,Priya Bir,ranadalaja@example.net,1262748816,Ajman,2025-01-18
CUST-10292,Aishani Raju,om47@example.com,07299913135,Sharjah,2026-01-27
CUST-10293,Wriddhish Kalita,yachanarau@example.com,7574153284,Ajman,2024-07-11
CUST-10294,Pavani Kapadia,qadim95@example.net,+913885760467,Sharjah,2024-10-28
CUST-10295,Oviya Banik,qasimdey@example.net,07593403621,Dubai,2025-12-02
CUST-10296,Lohit Dar,brahmbhattshaurya@example.net,00570852504,Ajman,2025-12-07
CUST-10297,Timothy Tailor,yasti63@example.com,0758801774,Dubai,2025-07-04
CUST-10298,Chandresh Manda,benmekhala@example.net,+911188303129,Ajman,2025-05-10
CUST-10299,Gavin Dugar,menonladli@example.net,+915555648349,Ajman,2025-06-26
CUST-10300,Indrajit Sami,choudhryyug@example.com,03072689790,Abu Dhabi,2025-12-22
CUST-10301,Forum Amble,raaginidixit@example.net,7702776988,Abu Dhabi,2025-04-12
CUST-10302,Upadhriti Bala,brijesh76@example.net,7749146386,Abu Dhabi,2026-03-19
CUST-10303,Gopal Basu,shivansh72@example.org,+919374537617,Sharjah,2024-09-25
CUST-10304,Triveni Dugar,obiswas@example.net,08633991366,Dubai,2026-01-25
CUST-10305,Saksham Cheema,advay88@example.net,3535135737,Dubai,2024-12-16
CUST-10306,Kevin Dutt,miteshkata@example.org,+919763530386,Dubai,2025-04-17
CUST-10307,Vyanjana Chander,ghans@example.org,0912906714,Dubai,2025-04-14
CUST-10308,Ojasvi Bajaj,mekhalachaudhari@example.com,03541615885,Abu Dhabi,2024-10-21
CUST-10309,Hemani Sachar,khareekani@example.net,+918133894856,Ajman,2025-10-28
CUST-10310,Hemangini Bath,gaurikakorpal@example.com,+914360745082,Dubai,2026-03-22
CUST-10311,Keya Gade,mittalbhavani@example.com,04722381128,Sharjah,2026-03-20
CUST-10312,Onveer Choudhary,nadigyadavi@example.com,+911139930169,Abu Dhabi,2025-05-26
CUST-10313,Wriddhish Nigam,taratamanna@example.org,04873398419,Abu Dhabi,2025-02-27
CUST-10314,Vrishti Talwar,pauveer@example.com,+916725043953,Abu Dhabi,2025-04-12
CUST-10315,Liam Gole,patilisaiah@example.net,+914821162325,Sharjah,2025-04-28
CUST-10316,Pushti Dutt,bhargavaranveer@example.org,00695714770,Dubai,2025-02-17
CUST-10317,Ati Sura,ekansh77@example.net,+910368911244,Ajman,2026-05-03
CUST-10318,Abha Rajagopalan,chatresh51@example.net,0963027040,Abu Dhabi,2025-09-06
CUST-10319,Kai Dass,aryan96@example.org,0235250960,Sharjah,2024-07-09
CUST-10320,Onveer Bakshi,ynori@example.org,6560065469,Ajman,2026-02-21
CUST-10321,Jeevika Nadkarni,flad@example.net,02207606245,Abu Dhabi,2026-05-31
CUST-10322,Netra Gandhi,upkaarkeer@example.org,+911160702469,Sharjah,2025-05-24
CUST-10323,Zehaan Sahni,deepa37@example.net,02288843074,Dubai,2025-05-05
CUST-10324,Varenya Naidu,qbhagat@example.net,+918782438517,Dubai,2026-03-03
CUST-10325,Upadhriti Issac,khareudyati@example.org,+917205851671,Sharjah,2025-04-14
CUST-10326,Chandani Rama,bnadig@example.com,00373356304,Ajman,2025-03-21
CUST-10327,Anusha Bassi,yamininadkarni@example.com,7298749361,Ajman,2025-01-27
CUST-10328,Farhan Sarma,ganga31@example.net,+917702271814,Ajman,2025-10-28
CUST-10329,Yatan Lad,jagdishgoel@example.net,+915804782336,Ajman,2025-12-14
CUST-10330,Matthew Sachdev,aarushjhaveri@example.org,8809264671,Ajman,2026-03-03
CUST-10331,Victor Mishra,reyanshvala@example.com,+916101992433,Abu Dhabi,2025-10-30
CUST-10332,Chandani Arya,bchoudhary@example.com,0606969219,Sharjah,2025-10-10
CUST-10333,Riya Swaminathan,apal@example.net,+912730490338,Abu Dhabi,2026-02-19
CUST-10334,Ronith Sur,maanav31@example.net,+918020798907,Ajman,2025-09-07
CUST-10335,Falak Walia,santwahab@example.org,03306285763,Sharjah,2024-06-26
CUST-10336,Benjamin Nagarajan,xbumb@example.com,+916063624197,Dubai,2026-05-30
CUST-10337,Yadavi Datta,pushti53@example.org,8018193788,Dubai,2026-04-30
CUST-10338,Gautami Hayre,zayanthaker@example.org,+919785803316,Dubai,2025-05-20
CUST-10339,Ishwar Mand,chaudhariekansh@example.org,2422736542,Dubai,2026-05-20
CUST-10340,Eta Bail,christopher16@example.com,0635733628,Sharjah,2024-08-01
CUST-10341,Ikshita Bir,labanchandra@example.net,+917423926532,Dubai,2025-12-18
CUST-10342,Ekaraj Vasa,riya76@example.com,+910264597204,Abu Dhabi,2025-08-24
CUST-10343,Divya Keer,vyanjana57@example.net,4831923171,Abu Dhabi,2024-08-05
CUST-10344,Orinder Dugar,williamkadakia@example.org,1750196150,Dubai,2025-04-22
CUST-10345,Mason Sani,gerazashil@example.org,06507554979,Sharjah,2024-08-19
CUST-10346,Yutika Pai,ladli38@example.com,9261492699,Ajman,2024-11-07
CUST-10347,Chandani Bera,aachalissac@example.net,3944532508,Sharjah,2025-09-13
CUST-10348,Eesha Dube,odatta@example.com,9614192121,Ajman,2025-04-25
CUST-10349,Balhaar Majumdar,eshere@example.com,04627810099,Dubai,2025-09-17
CUST-10350,Chakradev Johal,iyengarnikita@example.org,2343252613,Sharjah,2026-03-29
CUST-10351,Oliver Sarkar,kantnetra@example.org,+916978170040,Ajman,2026-05-03
CUST-10352,Samaksh Dayal,lsrinivasan@example.net,1305624876,Ajman,2025-08-05
CUST-10353,Shivansh Gulati,jainzaid@example.com,+914755886452,Sharjah,2026-03-08
CUST-10354,Luke Luthra,varshasridhar@example.org,+911866852398,Sharjah,2025-03-21
CUST-10355,Libni Patel,boasejonathan@example.org,03438609532,Ajman,2025-04-30
CUST-10356,Adweta Chakrabarti,npatla@example.org,08627444244,Ajman,2025-12-04
CUST-10357,Qarin Solanki,aray@example.org,09225804062,Sharjah,2024-07-23
CUST-10358,Abha Setty,choudhryaadi@example.com,+913940122848,Abu Dhabi,2025-12-07
CUST-10359,Abeer Hegde,manyaparekh@example.org,2453005442,Abu Dhabi,2026-06-22
CUST-10360,Jairaj Tara,vsha@example.com,1659569661,Sharjah,2024-10-03
CUST-10361,Champak Raman,januja92@example.org,05538823640,Abu Dhabi,2024-07-26
CUST-10362,Nihal Kadakia,lucky06@example.com,+915719764712,Dubai,2024-09-01
CUST-10363,Jagat Gopal,kapurnilima@example.net,0699667547,Sharjah,2025-11-08
CUST-10364,Advik Lall,ijayabatra@example.org,9999866625,Abu Dhabi,2025-05-31
CUST-10365,Yadavi Shetty,sastrybrijesh@example.org,05423903518,Ajman,2026-02-19
CUST-10366,Idika Bhat,iravel@example.com,+915667607026,Ajman,2025-03-05
CUST-10367,Frado Buch,nicholas75@example.com,+912718989533,Abu Dhabi,2025-01-01
CUST-10368,Ayaan Hayer,xsolanki@example.com,+916998070175,Abu Dhabi,2026-04-03
CUST-10369,Rachana Sandal,qarinpatla@example.net,01633364737,Dubai,2026-01-12
CUST-10370,Naveen Krishnan,odika45@example.com,+918700353683,Abu Dhabi,2024-09-07
CUST-10371,Janya Dave,merchantabha@example.org,+918098140187,Sharjah,2026-02-22
CUST-10372,Pranav Ganguly,sahniganga@example.com,+915617941300,Dubai,2025-11-07
CUST-10373,Zayan Thaman,nathaniel69@example.net,+916238542242,Abu Dhabi,2025-02-05
CUST-10374,Qushi Dubey,arastogi@example.org,+918191650434,Abu Dhabi,2024-10-25
CUST-10375,Omya Jaggi,hredhaan81@example.org,+912512132701,Abu Dhabi,2026-05-04
CUST-10376,Gaurav Loyal,pratti@example.org,5817930775,Sharjah,2026-01-31
CUST-10377,Mitesh Johal,lokekamya@example.net,+911443988303,Abu Dhabi,2024-10-26
CUST-10378,Dalbir Dugar,basuharsh@example.org,05748845572,Sharjah,2025-04-05
CUST-10379,Daksha Biswas,qverma@example.net,05791208704,Sharjah,2024-09-27
CUST-10380,Hemangini Dasgupta,siya42@example.net,3019709115,Sharjah,2026-06-25
CUST-10381,Charan Anand,bimalamagar@example.org,8618836461,Ajman,2025-09-19
CUST-10382,Lohit Vohra,balveerrege@example.net,6786058249,Dubai,2026-06-08
CUST-10383,Chakradhar Lanka,igrewal@example.org,+911882180649,Ajman,2026-05-26
CUST-10384,Ijaya Singhal,darikasura@example.org,05431729461,Dubai,2025-11-16
CUST-10385,Nidhi Varma,horapraneel@example.org,04967127950,Dubai,2024-09-27
CUST-10386,Owen Issac,shettymax@example.net,+913483084920,Ajman,2026-05-27
CUST-10387,Upadhriti Wali,bhasinhemani@example.net,01282065905,Sharjah,2025-04-23
CUST-10388,Kalpit Krishnamurthy,nehamody@example.org,2056385846,Abu Dhabi,2024-12-20
CUST-10389,Rachita Rajagopal,nayarpratyush@example.com,09490228056,Abu Dhabi,2025-06-05
CUST-10390,Faris Nair,rbhatti@example.com,09963836253,Sharjah,2024-07-11
CUST-10391,Ayush Mall,charitachawla@example.net,7103747826,Ajman,2025-08-15
CUST-10392,Udyati Shanker,gabriel19@example.org,02024193114,Abu Dhabi,2025-06-26
CUST-10393,Joshua Kalla,bhalder@example.org,8518277203,Sharjah,2025-01-08
CUST-10394,Yatin Bir,diya80@example.com,+919900995900,Dubai,2025-04-05
CUST-10395,Raghav Handa,bahrishravya@example.net,2282376519,Abu Dhabi,2025-09-15
CUST-10396,Irya Luthra,vtoor@example.com,6100829539,Dubai,2026-02-17
CUST-10397,Darpan Johal,randhawadarika@example.net,+918072658806,Ajman,2025-12-28
CUST-10398,Omaja Dhar,kadesamarth@example.net,0381626904,Dubai,2024-09-02
CUST-10399,Hema Goel,jeremiahwason@example.org,0514347490,Abu Dhabi,2024-09-05
CUST-10400,George Raj,ravalalka@example.org,05850723597,Dubai,2026-05-27
CUST-10401,Laksh Sane,pillaiqadim@example.com,04833312827,Ajman,2024-12-25
CUST-10402,Chakrika Ramachandran,mandasneha@example.org,+912116527560,Sharjah,2026-03-14
CUST-10403,Tanvi Pant,ikbal28@example.com,08245581659,Abu Dhabi,2024-10-23
CUST-10404,Max Madan,sathviklata@example.com,03649653758,Dubai,2025-04-03
CUST-10405,Aayush Dixit,hemasibal@example.org,+915486999455,Abu Dhabi,2025-12-14
CUST-10406,Maanav Patla,raagini33@example.com,01297269990,Abu Dhabi,2025-03-20
CUST-10407,Fiyaz Nanda,karatriya@example.org,05982498205,Abu Dhabi,2026-02-01
CUST-10408,Maya Mani,grovervasana@example.net,2041734864,Sharjah,2026-05-20
CUST-10409,Gavin Wagle,rpillay@example.org,+914115257951,Dubai,2026-01-12
CUST-10410,Edhitha Upadhyay,uraval@example.net,2950862222,Abu Dhabi,2025-09-15
CUST-10411,Oliver Rau,sai36@example.org,8854962310,Dubai,2026-03-15
CUST-10412,Ekanta Sankaran,sarkarekantika@example.com,+917549920151,Dubai,2026-05-17
CUST-10413,Tanish Chowdhury,manneforum@example.com,+915177633162,Dubai,2025-08-12
CUST-10414,Ethan Ramaswamy,priyaupadhyay@example.net,06193062911,Dubai,2024-08-20
CUST-10415,Yadavi Murty,kavya95@example.net,02458535882,Ajman,2025-12-23
CUST-10416,Yashica Wason,sathvik37@example.com,06434792835,Ajman,2025-01-31
CUST-10417,Abdul Trivedi,maanavkurian@example.org,+914417513208,Ajman,2024-09-26
CUST-10418,Yachana Dugar,wrout@example.net,0774821268,Ajman,2025-03-18
CUST-10419,Shaurya Atwal,pantlopa@example.net,04008040851,Abu Dhabi,2025-04-07
CUST-10420,Alexander Ratta,kviswanathan@example.net,5735894806,Dubai,2025-03-28
CUST-10421,Jeevika Minhas,upasnabhavsar@example.net,2578824013,Ajman,2025-09-23
CUST-10422,Hiral Ghose,urishilla43@example.com,+917021972883,Abu Dhabi,2025-03-07
CUST-10423,Nikita Reddy,vidhiluthra@example.org,6705428031,Abu Dhabi,2025-10-23
CUST-10424,Bina Raghavan,ekbal54@example.net,5298037951,Dubai,2026-02-16
CUST-10425,Falan Wadhwa,vincent03@example.org,05861464916,Sharjah,2025-12-04
CUST-10426,Balvan Anand,saramukherjee@example.com,6410579110,Dubai,2025-05-06
CUST-10427,Raksha Chaudhuri,spalla@example.net,0742475744,Sharjah,2025-10-27
CUST-10428,Zashil Nanda,agastyahari@example.com,+915254544718,Dubai,2025-03-06
CUST-10429,Pratyush Deol,abhimanyumital@example.com,06031240167,Sharjah,2026-02-03
CUST-10430,Lohit Patil,handabarkha@example.com,07795258651,Sharjah,2025-11-06
CUST-10431,Varenya Kothari,zraja@example.org,01818140144,Abu Dhabi,2024-09-18
CUST-10432,Zaid Dalal,isaiahchoudhary@example.net,8521169328,Sharjah,2024-07-18
CUST-10433,Hemal Sen,stata@example.com,06685848815,Dubai,2024-10-16
CUST-10434,Lajita Kurian,robertmangal@example.net,04998693972,Abu Dhabi,2025-03-04
CUST-10435,Jack Pandey,harini91@example.org,03360128597,Abu Dhabi,2025-06-02
CUST-10436,Aarush Muni,gautami40@example.net,1385457328,Sharjah,2024-12-08
CUST-10437,Nisha Sahota,zbora@example.org,9457841645,Abu Dhabi,2025-01-13
CUST-10438,Advik Devi,nathpraneel@example.org,4060757451,Abu Dhabi,2026-06-26
CUST-10439,Daksh Bahri,ikshitavora@example.org,8265111261,Dubai,2025-12-31
CUST-10440,Ekiya Sarkar,devsundaram@example.org,07445541345,Sharjah,2024-09-15
CUST-10441,Neelima Dani,ekantaraman@example.org,03169554399,Abu Dhabi,2026-01-22
CUST-10442,Yashoda Peri,elijah79@example.com,+915932362632,Ajman,2024-12-16
CUST-10443,Nisha Sangha,amruta68@example.org,04425050184,Ajman,2024-12-22
CUST-10444,Tristan Bhatt,andrafrederick@example.org,8961125046,Abu Dhabi,2025-10-30
CUST-10445,Jalsa Nazareth,ravalluke@example.net,01473407713,Dubai,2025-11-16
CUST-10446,Jonathan Saxena,sodhianvi@example.net,08021882742,Abu Dhabi,2025-12-26
CUST-10447,Faqid Atwal,leenabatra@example.org,04165398840,Sharjah,2025-06-25
CUST-10448,Udant Thakkar,zarnakorpal@example.com,00627909347,Ajman,2026-02-07
CUST-10449,Ojas Sastry,yutika29@example.net,05625342710,Ajman,2024-07-04
CUST-10450,Mohini Khare,ojas52@example.net,+915434751434,Abu Dhabi,2026-05-09
CUST-10451,Patrick Pal,bhavani11@example.org,+910709595263,Ajman,2025-05-20
CUST-10452,Niharika Desai,niharikagandhi@example.com,0306775824,Dubai,2024-12-15
CUST-10453,Aadhya Sarraf,vasudha46@example.org,+913751019435,Abu Dhabi,2025-03-25
CUST-10454,Yoshita Bala,tdugar@example.net,7127805507,Sharjah,2025-08-24
CUST-10455,Dayamai Sankar,lsura@example.net,03984836589,Abu Dhabi,2026-01-01
CUST-10456,Gautam Kashyap,bimala30@example.com,01748749235,Sharjah,2025-10-19
CUST-10457,Jalsa Munshi,tamanna54@example.org,+913359082245,Dubai,2024-11-21
CUST-10458,Yoshita Sanghvi,abhiramkothari@example.org,05639773557,Abu Dhabi,2024-12-28
CUST-10459,Panini Basak,kundasimon@example.org,03842814387,Dubai,2026-03-05
CUST-10460,Radha Hari,qadim41@example.com,08148218249,Abu Dhabi,2024-11-19
CUST-10461,Jason Bhatt,nicholas28@example.net,+910413331713,Sharjah,2026-01-26
CUST-10462,Krishna Kaur,mohantydarpan@example.org,+913193103794,Sharjah,2026-02-27
CUST-10463,Jagdish Badal,kulkarniisaiah@example.org,+910567144995,Abu Dhabi,2024-06-27
CUST-10464,Ikbal Sami,akshay16@example.net,+915316721576,Dubai,2024-12-05
CUST-10465,Manbir Toor,eben@example.net,09693987895,Sharjah,2025-07-27
CUST-10466,Jackson Tata,rehaan08@example.org,+910013025535,Abu Dhabi,2025-06-27
CUST-10467,Oeshi Zachariah,dalbirsule@example.org,+914891503291,Sharjah,2025-03-21
CUST-10468,Wahab Dora,gbalakrishnan@example.net,7995679575,Ajman,2026-01-04
CUST-10469,Dipta Jha,mistryreva@example.net,+916139528638,Dubai,2025-07-05
CUST-10470,Praneel Hegde,faris33@example.net,+919940724568,Dubai,2026-02-28
CUST-10471,Thomas Mishra,xandra@example.com,+919759167953,Sharjah,2025-10-09
CUST-10472,Varenya Kalita,magate@example.net,+916130299415,Dubai,2026-06-17
CUST-10473,Janaki Bala,upadhritisankar@example.com,5895052226,Ajman,2026-03-29
CUST-10474,Amruta Dani,tanejamax@example.net,01913250013,Ajman,2026-01-05
CUST-10475,Riya Babu,osha85@example.net,7218839297,Ajman,2026-05-16
CUST-10476,Vrishti Bains,wbajaj@example.net,09572930451,Sharjah,2026-06-09
CUST-10477,Omisha Sampath,lallavansha@example.com,+914368276835,Sharjah,2024-12-03
CUST-10478,Girindra Sankaran,omya49@example.com,+910871261663,Dubai,2025-07-07
CUST-10479,Siya Sant,chaudhuriyashica@example.com,09386110468,Dubai,2025-04-04
CUST-10480,Tara Sarraf,rajusaumya@example.com,4898457259,Dubai,2025-09-20
CUST-10481,Joshua Radhakrishnan,gchahal@example.net,4057875506,Abu Dhabi,2024-07-11
CUST-10482,Brinda Edwin,kothariindira@example.org,+918722908807,Dubai,2024-07-14
CUST-10483,Yamini Puri,kumerazaan@example.com,04694421260,Ajman,2025-08-01
CUST-10484,Yachana Gade,rajsamaksh@example.org,+918670315512,Sharjah,2025-11-10
CUST-10485,Ria Hayer,mvarkey@example.net,1748036109,Dubai,2025-04-18
CUST-10486,Ethan Iyengar,upmasengupta@example.org,03260039525,Dubai,2026-06-08
CUST-10487,Noah Mahajan,rameshcharan@example.net,+917841939447,Dubai,2026-04-11
CUST-10488,Zehaan Oza,shahfariq@example.net,+910826515217,Ajman,2026-05-06
CUST-10489,Yashodhara Vaidya,varugheseurmi@example.net,4023394324,Ajman,2026-02-04
CUST-10490,Warhi Ramesh,majumdarethan@example.org,07105700689,Ajman,2025-04-08
CUST-10491,Gopal Grover,luthraxalak@example.net,02649777519,Ajman,2024-09-23
CUST-10492,Nisha Chokshi,cnarang@example.net,06209336409,Dubai,2025-05-28
CUST-10493,Ayushman Thaman,pratyushprasad@example.com,2097290157,Dubai,2025-07-31
CUST-10494,Rachana Peri,rajzilmil@example.net,03757846202,Dubai,2025-06-15
CUST-10495,Irya Balay,ayushmansheth@example.org,01546943617,Abu Dhabi,2024-10-25
CUST-10496,Dipta Golla,vprakash@example.org,+912526260302,Abu Dhabi,2026-06-10
CUST-10497,Omisha Dhingra,yagnesh41@example.org,2268463824,Sharjah,2025-08-01
CUST-10498,Bakhshi Karnik,pandyafrederick@example.com,4843925149,Abu Dhabi,2026-02-19
CUST-10499,Harini Chad,behlekaraj@example.org,2459199202,Dubai,2026-05-24
